Date,ASX,Dow Jones,S&P 500,Nasdaq,ASX / Dow Jones,ASX / S&P 500,ASX / Nasdaq
1 January 2000,284.41,438.53,725.65,934.82,284.413016856624+438.528923115012i,284.413016856624+725.650106997777i,284.413016856624+934.823050498088i
2 January 2000,282.51,434.61,727.82,932.68,282.513176602735+434.605856001286i,282.513176602735+727.821097550945i,282.513176602735+932.67987622043i
3 January 2000,281.29,434.00,723.51,925.89,281.286510924147+433.996412263193i,281.286510924147+723.514921113117i,281.286510924147+925.894814589816i
4 January 2000,280.15,436.98,721.63,920.66,280.150495459976+436.984179983065i,280.150495459976+721.627375538053i,280.150495459976+920.661125980412i
5 January 2000,280.45,437.76,719.47,924.38,280.450596545745+437.758291080007i,280.450596545745+719.469411615137i,280.450596545745+924.380249654563i
6 January 2000,281.12,434.72,720.89,923.16,281.122288517065+434.722908000895i,281.122288517065+720.886246199302i,281.122288517065+923.155903836198i
7 January 2000,281.11,435.07,723.00,924.29,281.110995446854+435.069390339414i,281.110995446854+723.00337815114i,281.110995446854+924.289772453954i
08-January-2000,284.09,439.56,730.34,918.74,284.088587510573+439.557803632868i,284.088587510573+730.340501153273i,284.088587510573+918.742337306728i
09-January-2000,283.63,441.97,724.95,911.16,283.634309121401+441.966119151465i,283.634309121401+724.949345954322i,283.634309121401+911.162185191198i
10-January-2000,285.64,441.46,727.85,917.90,285.644391106806+441.457005835148i,285.644391106806+727.845344255289i,285.644391106806+917.900609890497i
11-January-2000,284.39,445.38,732.64,914.00,284.392663633095+445.384024928577i,284.392663633095+732.637413651898i,284.392663633095+913.999308358311i
12-January-2000,283.81,448.63,727.86,905.83,283.806858960947+448.626201065025i,283.806858960947+727.859629769765i,283.806858960947+905.826787691907i
13-January-2000,283.44,448.39,722.62,904.71,283.44149863477+448.391075051168i,283.44149863477+722.617251941322i,283.44149863477+904.710659554605i
14-January-2000,285.93,453.33,719.62,901.85,285.929085951142+453.334983709762i,285.929085951142+719.624296253533i,285.929085951142+901.854969821117i
2000-01-15,286.86,457.37,713.00,911.12,286.858780880896+457.368465381144i,286.858780880896+712.996650079636i,286.858780880896+911.12109359802i
2000-01-16,286.58,455.55,717.36,914.46,286.584366197746+455.547247380625i,286.584366197746+717.36268740141i,286.584366197746+914.459965916283i
2000-01-17,287.67,458.46,720.97,915.07,287.667716487175+458.460941541805i,287.667716487175+720.968771640796i,287.667716487175+915.071955931807i
2000-01-18,289.27,460.38,716.49,919.19,289.273071473602+460.377288530873i,289.273071473602+716.485303529586i,289.273071473602+919.193969764244i
2000-01-19,289.28,460.57,717.20,923.82,289.276626828873+460.574727890204i,289.276626828873+717.201814720123i,289.276626828873+923.817279523682i
2000-01-20,287.92,464.33,711.68,931.86,287.916104803142+464.334478655813i,287.916104803142+711.679034759888i,287.916104803142+931.863213683952i
2000-01-21,288.57,467.67,705.90,940.37,288.572876565327+467.668615800198i,288.572876565327+705.90285638146i,288.572876565327+940.370612138656i
"Saturday, 22 January 2000",290.14,464.68,705.10,931.78,290.136823906521+464.675465232531i,290.136823906521+705.097397175611i,290.136823906521+931.775378400073i
"Sunday, 23 January 2000",292.03,466.85,699.48,935.78,292.027160028848+466.851982864039i,292.027160028848+699.475188248209i,292.027160028848+935.776688508065i
"Monday, 24 January 2000",291.36,467.66,695.85,928.95,291.358407529495+467.660068377808i,291.358407529495+695.853699651125i,291.358407529495+928.948279621794i
"Tuesday, 25 January 2000",290.28,472.46,698.25,927.21,290.276692316992+472.461809732241i,290.276692316992+698.245485475545i,290.276692316992+927.206097182384i
"Wednesday, 26 January 2000",291.52,476.00,696.61,931.91,291.52113477203+476.003373736067i,291.52113477203+696.609753630552i,291.52113477203+931.906328725738i
"Thursday, 27 January 2000",289.76,476.75,698.34,936.92,289.762686310925+476.752270504286i,289.762686310925+698.337065020198i,289.762686310925+936.922987251345i
"Friday, 28 January 2000",290.50,474.10,699.64,943.62,290.503356054272+474.098509255598i,290.503356054272+699.636648063211i,290.503356054272+943.623159053913i
29-Jan-00,290.17,474.75,702.52,938.97,290.166258598301+474.754402583339i,290.166258598301+702.520243694236i,290.166258598301+938.970884959759i
30-Jan-00,292.35,471.83,701.46,938.17,292.345822657181+471.825440838196i,292.345822657181+701.459055598006i,292.345822657181+938.170728975974i
31-Jan-00,290.38,469.28,698.13,941.35,290.378450757904+469.282983966761i,290.378450757904+698.126594002759i,290.378450757904+941.352003233539i
01-Feb-00,289.97,467.20,703.63,947.74,289.971917655784+467.201419172859i,289.971917655784+703.634514754951i,289.971917655784+947.738940871978i
02-Feb-00,290.01,468.30,697.90,952.62,290.012674248001+468.30189033722i,290.012674248001+697.901642410401i,290.012674248001+952.62201799359i
03-Feb-00,290.26,466.22,695.18,950.40,290.263873491708+466.223041536147i,290.263873491708+695.179813557595i,290.263873491708+950.39905910861i
04-Feb-00,291.59,466.70,699.24,957.53,291.585264113135+466.704357239945i,291.585264113135+699.237212518563i,291.585264113135+957.525555474216i
05-Feb-00,294.29,467.25,704.25,956.61,294.290691997625+467.245221265469i,294.290691997625+704.253068103257i,294.290691997625+956.611835891887i
06-Feb-00,293.72,469.23,707.50,958.64,293.722105010598+469.230217018683i,293.722105010598+707.498936574701i,293.722105010598+958.637097661538i
07-Feb-00,292.21,472.47,707.49,962.00,292.211902102844+472.468527974559i,292.211902102844+707.485517961418i,292.211902102844+961.995708581412i
08-Feb-00,291.00,476.55,703.19,966.88,290.996922999846+476.548444828835i,290.996922999846+703.194493600462i,290.996922999846+966.880817156954i
09-Feb-00,292.08,476.54,696.79,969.57,292.083032004551+476.54020824625i,292.083032004551+696.787273264068i,292.083032004551+969.569167970928i
10-Feb-00,291.14,474.24,698.33,977.51,291.135072265694+474.244035375895i,291.135072265694+698.332274003319i,291.135072265694+977.513803795487i
11-Feb-00,290.81,476.90,694.53,971.21,290.811994741988+476.897106779327i,290.811994741988+694.527587387162i,290.811994741988+971.208295182301i
12-Feb-00,290.26,474.32,698.69,972.00,290.264706806489+474.324562378443i,290.264706806489+698.689554654403i,290.264706806489+971.998006028971i
13-Feb-00,292.46,475.82,698.62,977.86,292.458782949577+475.816769007577i,292.458782949577+698.617666648692i,292.458782949577+977.864824514804i
14-Feb-00,291.80,479.65,697.75,978.58,291.796043235312+479.646388779668i,291.796043235312+697.746918072218i,291.796043235312+978.577182540996i
15-Feb-00,294.34,482.57,699.62,985.73,294.344420723109+482.573329091015i,294.344420723109+699.618422996592i,294.344420723109+985.729697371719i
16-Feb-00,293.02,479.00,704.22,984.35,293.018399398266+479.00325995202i,293.018399398266+704.2249669425i,293.018399398266+984.347111895778i
17-Feb-00,291.44,477.63,711.57,977.35,291.437183451513+477.628353863367i,291.437183451513+711.571488698546i,291.437183451513+977.353765106894i
18-Feb-00,291.78,477.48,708.52,969.55,291.775366964148+477.479361268647i,291.775366964148+708.515724819139i,291.775366964148+969.546921557932i
19-Feb-00,292.37,477.71,707.21,969.69,292.373466083289+477.707542823702i,292.373466083289+707.209985851645i,292.373466083289+969.690583653198i
20-Feb-00,292.51,481.39,713.58,979.31,292.51225233839+481.385861100926i,292.51225233839+713.579106537782i,292.51225233839+979.314780397505i
21-Feb-00,294.25,484.73,717.75,976.59,294.251138602088+484.728060477851i,294.251138602088+717.753256447537i,294.251138602088+976.594623364881i
22-Feb-00,294.91,487.05,721.65,971.73,294.914520266215+487.046416517611i,294.914520266215+721.646796476195i,294.914520266215+971.734611494629i
23-Feb-00,293.98,489.23,717.30,979.82,293.979579495853+489.229578091019i,293.979579495853+717.297339642221i,293.979579495853+979.822374149698i
24-Feb-00,293.93,485.77,719.43,982.47,293.931371199487+485.772495811401i,293.931371199487+719.434894205308i,293.931371199487+982.465170203773i
25-Feb-00,296.11,486.38,715.02,989.61,296.107079501135+486.381564321764i,296.107079501135+715.023670290922i,296.107079501135+989.611549800549i
26-Feb-00,297.91,485.89,708.08,994.59,297.906561071876+485.894332398032i,297.906561071876+708.084007862666i,297.906561071876+994.588437050221i
27-Feb-00,296.00,490.40,713.48,990.41,296.00201885087+490.397598292532i,296.00201885087+713.478784409031i,296.00201885087+990.411582920219i
28-Feb-00,295.83,493.37,718.23,988.03,295.826873846751+493.374140761226i,295.826873846751+718.230634776158i,295.826873846751+988.032231266195i
29-Feb-00,297.75,497.51,716.93,992.21,297.746023590212+497.514897535662i,297.746023590212+716.931329585458i,297.746023590212+992.212297026706i
01-Mar-00,300.22,501.86,716.82,998.90,300.22434291155+501.859443268276i,300.22434291155+716.815553968704i,300.22434291155+998.895903186065i
02-Mar-00,302.64,504.93,711.11,1002.58,302.637384418092+504.926461775384i,302.637384418092+711.111708524336i,302.637384418092+1002.58120909676i
03-Mar-00,306.56,500.56,717.02,1011.70,306.561370045615+500.560807431765i,306.561370045615+717.023542073155i,306.561370045615+1011.69859875553i
04-Mar-00,308.75,505.89,723.00,1010.56,308.754043005037+505.886580593756i,308.754043005037+722.998795463745i,308.754043005037+1010.55580725171i
05-Mar-00,308.80,502.08,717.46,1018.65,308.803681906024+502.07734759936i,308.803681906024+717.459087701987i,308.803681906024+1018.65277458731i
06-Mar-00,312.25,497.13,719.08,1012.74,312.246502595051+497.128738321725i,312.246502595051+719.08196977146i,312.246502595051+1012.74414432356i
07-Mar-00,311.88,496.96,722.77,1010.04,311.875429649948+496.960784369121i,311.875429649948+722.769718045098i,311.875429649948+1010.043465252i
08-Mar-00,309.37,495.02,718.22,1018.28,309.368648271703+495.018711540415i,309.368648271703+718.215560104572i,309.368648271703+1018.27949822464i
09-Mar-00,310.92,495.24,722.10,1013.49,310.915628431504+495.244834080981i,310.915628431504+722.104454620358i,310.915628431504+1013.49069051307i
10-Mar-00,310.52,496.01,721.34,1020.78,310.524374272372+496.009369767687i,310.524374272372+721.34154996811i,310.524374272372+1020.78044981942i
11-Mar-00,311.51,498.45,721.62,1012.85,311.51380572651+498.446966423913i,311.51380572651+721.620839919579i,311.51380572651+1012.85325700981i
12-Mar-00,309.65,503.15,720.91,1013.18,309.646310475731+503.145156746779i,309.646310475731+720.91248029362i,309.646310475731+1013.18394690379i
13-Mar-00,311.10,507.32,724.72,1012.55,311.098716135135+507.323118611928i,311.098716135135+724.71802050575i,311.098716135135+1012.54919960932i
14-Mar-00,309.61,509.03,724.21,1009.30,309.60655756116+509.033160521466i,309.60655756116+724.208598299059i,309.60655756116+1009.3017413748i
15-Mar-00,306.70,504.68,725.83,1004.53,306.70358756713+504.678325940068i,306.70358756713+725.834473364035i,306.70358756713+1004.52689496922i
16-Mar-00,304.42,509.24,727.97,1002.39,304.421618070186+509.239737120079i,304.421618070186+727.972942030181i,304.421618070186+1002.38834911466i
17-Mar-00,305.34,512.31,720.99,998.98,305.341536445912+512.311419630821i,305.341536445912+720.989349239113i,305.341536445912+998.977433048885i
18-Mar-00,303.83,513.74,716.19,1008.30,303.83297049286+513.738722028627i,303.83297049286+716.188047524356i,303.83297049286+1008.29813106864i
19-Mar-00,306.79,514.59,723.85,1000.98,306.793693696638+514.587306424187i,306.793693696638+723.847920678118i,306.793693696638+1000.98025703477i
20-Mar-00,309.65,510.11,729.87,995.73,309.654986508844+510.105338421445i,309.654986508844+729.870074573516i,309.654986508844+995.727380122735i
21-Mar-00,307.67,513.44,737.73,990.84,307.672290111108+513.444314743236i,307.672290111108+737.729335247621i,307.672290111108+990.837825522661i
22-Mar-00,307.80,516.74,730.87,994.04,307.799541912246+516.738195301452i,307.799541912246+730.873021481801i,307.799541912246+994.036634285128i
23-Mar-00,306.34,513.46,730.99,1003.83,306.33886702937+513.46058286908i,306.33886702937+730.993174577181i,306.33886702937+1003.83309162823i
24-Mar-00,305.90,517.58,727.33,1006.41,305.902331171698+517.584100447816i,305.902331171698+727.330599865633i,305.902331171698+1006.41252469569i
25-Mar-00,306.13,516.90,729.96,1001.74,306.12568689528+516.904274710744i,306.12568689528+729.960821154497i,306.12568689528+1001.73762385957i
26-Mar-00,307.93,517.55,734.43,1011.16,307.933255034544+517.546821810685i,307.933255034544+734.434800972736i,307.933255034544+1011.16215792628i
27-Mar-00,310.85,515.46,740.60,1006.05,310.845301623075+515.457005401139i,310.845301623075+740.595722839376i,310.845301623075+1006.0469422009i
28-Mar-00,309.67,517.68,743.90,1005.97,309.67236634742+517.683155180472i,309.67236634742+743.895936948281i,309.67236634742+1005.96955299795i
29-Mar-00,309.06,520.59,737.16,1013.43,309.055017701378+520.594106217494i,309.055017701378+737.158246482512i,309.055017701378+1013.43186592681i
30-Mar-00,313.05,523.75,739.21,1018.25,313.052776764705+523.752588502828i,313.052776764705+739.214443251755i,313.052776764705+1018.25347894151i
31-Mar-00,310.58,527.49,745.32,1027.74,310.575330539279+527.490950885369i,310.575330539279+745.317578563151i,310.575330539279+1027.74013241489i
01-Apr-00,308.00,530.42,742.89,1018.06,307.998034612309+530.416153308028i,307.998034612309+742.888156139649i,307.998034612309+1018.06081724163i
02-Apr-00,307.32,535.16,750.52,1012.55,307.317360231334+535.164041472099i,307.317360231334+750.522227726375i,307.317360231334+1012.5467474609i
03-Apr-00,309.26,533.28,752.64,1017.77,309.26114637941+533.277085001827i,309.26114637941+752.638422731997i,309.26114637941+1017.7659395444i
04-Apr-00,310.59,529.04,752.58,1009.09,310.585363341586+529.044311795675i,310.585363341586+752.578652897189i,310.585363341586+1009.08745458275i
05-Apr-00,314.03,533.69,754.32,1013.17,314.028055022338+533.689592400451i,314.028055022338+754.324614987881i,314.028055022338+1013.16870162188i
06-Apr-00,317.39,536.52,761.30,1010.82,317.391910488393+536.522869772897i,317.391910488393+761.297139237468i,317.391910488393+1010.81568164581i
07-Apr-00,318.11,532.94,764.75,1004.54,318.113500569296+532.940667863551i,318.113500569296+764.752026172823i,318.113500569296+1004.5379804384i
08-Apr-00,319.51,536.13,764.94,1008.89,319.509460275691+536.125344198606i,319.509460275691+764.936383628928i,319.509460275691+1008.88993603641i
09-Apr-00,321.52,537.46,764.69,1008.35,321.523650060999+537.456563393004i,321.523650060999+764.687759565716i,321.523650060999+1008.34687162917i
10-Apr-00,319.80,543.35,767.35,1000.48,319.802270337341+543.347667833046i,319.802270337341+767.348147274733i,319.802270337341+1000.48337478205i
11-Apr-00,321.66,546.74,768.25,1000.75,321.663782790343+546.744076860824i,321.663782790343+768.24590665772i,321.663782790343+1000.7546770582i
12-Apr-00,320.34,545.10,763.62,996.79,320.34047826388+545.104068241588i,320.34047826388+763.616618712223i,320.34047826388+996.79244428982i
13-Apr-00,323.10,550.29,762.56,994.66,323.099667050155+550.294043542944i,323.099667050155+762.558094952317i,323.099667050155+994.660642227086i
14-Apr-00,325.72,548.63,760.90,993.30,325.716201142963+548.626345026147i,325.716201142963+760.897856444008i,325.716201142963+993.298464089705i
15-Apr-00,329.23,548.15,762.66,985.69,329.226343595375+548.154413387276i,329.226343595375+762.657657377012i,329.226343595375+985.688165548905i
16-Apr-00,332.09,545.38,770.23,991.97,332.092091370181+545.377499598613i,332.092091370181+770.234305725646i,332.092091370181+991.965970434449i
17-Apr-00,331.57,541.35,773.70,992.46,331.572298176846+541.345848388562i,331.572298176846+773.696375998597i,331.572298176846+992.463285684658i
18-Apr-00,333.10,538.53,780.00,988.03,333.104045314532+538.525046786326i,333.104045314532+780.00259798155i,333.104045314532+988.031245180875i
19-Apr-00,333.02,534.01,774.79,979.67,333.020599016905+534.009916679513i,333.020599016905+774.786079417288i,333.020599016905+979.674883012952i
20-Apr-00,330.61,530.67,768.55,989.12,330.607131724053+530.667637005706i,330.607131724053+768.545971513043i,330.607131724053+989.12154571377i
21-Apr-00,328.65,530.51,773.81,999.03,328.652622719687+530.514339065772i,328.652622719687+773.81101452199i,328.652622719687+999.026679364521i
22-Apr-00,329.36,536.14,774.68,994.26,329.364549124037+536.142894173408i,329.364549124037+774.675515562886i,329.364549124037+994.26316788203i
23-Apr-00,330.80,541.66,769.01,988.96,330.803877762824+541.657667374612i,330.803877762824+769.011133645954i,330.803877762824+988.955489289118i
24-Apr-00,332.73,538.99,774.15,982.82,332.731340535819+538.994778420396i,332.731340535819+774.154139502042i,332.731340535819+982.82428619474i
25-Apr-00,335.81,544.91,772.53,985.35,335.814615035491+544.909567740974i,335.814615035491+772.531687472671i,335.814615035491+985.348541504073i
26-Apr-00,338.97,547.93,772.85,980.77,338.96520263208+547.93411918064i,338.96520263208+772.845619517507i,338.96520263208+980.765124681963i
27-Apr-00,341.23,543.70,779.69,986.45,341.226437294251+543.70212856461i,341.226437294251+779.694086189524i,341.226437294251+986.445003528475i
28-Apr-00,339.17,544.87,777.73,982.96,339.167398329109+544.866654017122i,339.167398329109+777.73093627774i,339.167398329109+982.964713807852i
29-Apr-00,340.45,547.45,777.47,975.68,340.447475382294+547.451278854807i,340.447475382294+777.472033262079i,340.447475382294+975.675069200561i
30-Apr-00,341.14,544.24,781.42,980.01,341.143775317334+544.235874142177i,341.143775317334+781.420225094326i,341.143775317334+980.010115353208i
01-May-00,338.71,547.78,782.18,972.23,338.713790382508+547.782584024719i,338.713790382508+782.183615229911i,338.713790382508+972.229149986711i
02-May-00,337.12,550.02,780.29,977.54,337.123284653095+550.023744773836i,337.123284653095+780.290176559126i,337.123284653095+977.53890433304i
03-May-00,341.04,555.22,786.74,973.48,341.041732731736+555.215296150867i,341.041732731736+786.735692468645i,341.041732731736+973.478036668418i
04-May-00,344.41,558.60,787.61,981.29,344.406622220493+558.595268086457i,344.406622220493+787.61290680651i,344.406622220493+981.286172026337i
05-May-00,345.12,559.72,781.85,983.31,345.115679477318+559.718870671144i,345.115679477318+781.846979027476i,345.115679477318+983.308248087971i
06-May-00,345.06,559.09,781.87,977.18,345.061471481223+559.094612933001i,345.061471481223+781.874243685864i,345.061471481223+977.181092899802i
07-May-00,344.29,558.73,781.83,974.00,344.288048399099+558.72708311334i,344.288048399099+781.83405519548i,344.288048399099+974.003234684831i
08-May-00,346.03,553.81,787.24,973.74,346.028604821902+553.810234075219i,346.028604821902+787.238255168792i,346.028604821902+973.743673729337i
09-May-00,343.26,549.55,794.60,977.18,343.257382999959+549.550962956714i,343.257382999959+794.596509305817i,343.257382999959+977.182410745686i
10-May-00,341.70,553.78,800.17,983.53,341.696868485368+553.784226340873i,341.696868485368+800.165100912312i,341.696868485368+983.534367636064i
11-May-00,345.02,550.18,799.37,990.01,345.021508934376+550.183871531058i,345.021508934376+799.36814008698i,345.021508934376+990.008331261809i
12-May-00,343.78,555.93,801.60,987.73,343.779632082506+555.928875279556i,343.779632082506+801.600976625888i,343.779632082506+987.732009128778i
13-May-00,342.95,554.61,802.13,987.83,342.947371664613+554.606847516641i,342.947371664613+802.134653908791i,342.947371664613+987.834059216845i
14-May-00,341.95,559.87,795.95,985.99,341.951340444429+559.868387469241i,341.951340444429+795.952108647576i,341.951340444429+985.994574630638i
15-May-00,343.62,557.03,797.95,995.57,343.61751565346+557.027507763849i,343.61751565346+797.950080943148i,343.61751565346+995.570288665083i
16-May-00,344.37,554.75,804.67,986.60,344.366098579497+554.748597107509i,344.366098579497+804.668113131811i,344.366098579497+986.600699568672i
17-May-00,344.23,553.54,805.35,980.51,344.229444197496+553.535125719427i,344.229444197496+805.345725824331i,344.229444197496+980.514100417852i
18-May-00,348.12,556.73,801.54,973.60,348.119662056907+556.731652569579i,348.119662056907+801.542006181091i,348.119662056907+973.598333808763i
19-May-00,347.33,559.35,796.88,979.70,347.328680473501+559.353973569441i,347.328680473501+796.882487097073i,347.328680473501+979.698421328489i
20-May-00,347.40,558.14,796.43,981.47,347.403353619752+558.139869284315i,347.403353619752+796.434764975779i,347.403353619752+981.474340761345i
21-May-00,346.81,563.36,789.91,982.54,346.81130586937+563.364809382713i,346.81130586937+789.911525970603i,346.81130586937+982.540299293914i
22-May-00,344.22,568.12,794.83,984.01,344.215195268024+568.121130581572i,344.215195268024+794.830277020492i,344.215195268024+984.014420844535i
23-May-00,341.72,565.54,799.60,978.42,341.723114681731+565.538281249519i,341.723114681731+799.596530559583i,341.723114681731+978.420233450719i
24-May-00,345.43,567.35,805.28,974.92,345.425044383318+567.349182784851i,345.425044383318+805.277642655352i,345.425044383318+974.920493626753i
25-May-00,349.12,563.83,798.03,977.66,349.12266079183+563.830091240845i,349.12266079183+798.026945978059i,349.12266079183+977.658780129511i
26-May-00,350.78,560.26,804.80,984.28,350.777453667419+560.25804588833i,350.777453667419+804.803285157148i,350.777453667419+984.280172394885i
27-May-00,353.10,562.80,810.11,993.24,353.104934978854+562.802139302638i,353.104934978854+810.106776958474i,353.104934978854+993.235428305993i
28-May-00,356.23,559.25,807.12,996.78,356.225786266534+559.251785407992i,356.225786266534+807.118311691982i,356.225786266534+996.776140475993i
29-May-00,356.38,564.52,802.02,1003.36,356.38294317077+564.518296536957i,356.38294317077+802.017444255133i,356.38294317077+1003.36252505527i
30-May-00,360.13,564.01,800.43,1001.69,360.126714836261+564.0113877691i,360.126714836261+800.426837434396i,360.126714836261+1001.69272836841i
31-May-00,362.29,567.76,804.12,993.54,362.289047047829+567.759367692032i,362.289047047829+804.119167001132i,362.289047047829+993.539989508836i
01-Jun-00,365.28,567.63,801.00,1001.30,365.28421214563+567.625030541394i,365.28421214563+801.000172992483i,365.28421214563+1001.30441511507i
02-Jun-00,363.16,564.34,800.31,1005.58,363.157719927167+564.34294883037i,363.157719927167+800.313115641967i,363.157719927167+1005.57671724856i
03-Jun-00,363.84,560.11,796.79,1013.29,363.837961062462+560.111898094584i,363.837961062462+796.788389746798i,363.837961062462+1013.28964186568i
04-Jun-00,363.21,557.12,804.61,1014.80,363.205784436352+557.124763319389i,363.205784436352+804.608630039383i,363.205784436352+1014.80121885896i
05-Jun-00,363.78,559.05,804.83,1009.56,363.784024564594+559.04974379506i,363.784024564594+804.829184434177i,363.784024564594+1009.55546716873i
06-Jun-00,365.18,554.59,804.44,1006.85,365.179684735265+554.59364161874i,365.179684735265+804.439657411932i,365.179684735265+1006.84997012087i
07-Jun-00,362.43,553.67,807.41,1010.07,362.425540263942+553.671840789244i,362.425540263942+807.410754270292i,362.425540263942+1010.07045857452i
08-Jun-00,363.59,550.31,801.23,1003.07,363.592010026956+550.306722599418i,363.592010026956+801.232220120393i,363.592010026956+1003.0651528404i
09-Jun-00,363.07,546.37,798.17,1009.50,363.069708686487+546.369677857655i,363.069708686487+798.166961045716i,363.069708686487+1009.49917174412i
10-Jun-00,365.50,542.59,799.29,1009.25,365.500363376455+542.585088170818i,365.500363376455+799.290393290303i,365.500363376455+1009.24712283987i
11-Jun-00,367.70,539.92,805.61,1016.06,367.697600322716+539.923347223599i,367.697600322716+805.609423743699i,367.697600322716+1016.06296882883i
12-Jun-00,371.43,537.86,800.75,1025.18,371.428532862344+537.857051769755i,371.428532862344+800.750298587077i,371.428532862344+1025.18043695949i
13-Jun-00,369.11,536.97,807.57,1017.01,369.107452498844+536.97130467698i,369.107452498844+807.572578632315i,369.107452498844+1017.00750795785i
14-Jun-00,372.08,532.34,814.56,1024.78,372.07612976939+532.339901068305i,372.07612976939+814.561417954532i,372.07612976939+1024.7797478149i
15-Jun-00,372.66,533.60,821.86,1031.17,372.664999750964+533.595383622133i,372.664999750964+821.855250480889i,372.664999750964+1031.16603325683i
16-Jun-00,375.13,530.42,822.38,1034.15,375.127211443499+530.424187452003i,375.127211443499+822.384555761564i,375.127211443499+1034.15134027653i
17-Jun-00,378.94,528.81,828.82,1037.14,378.941335683109+528.805981212886i,378.941335683109+828.816246776029i,378.941335683109+1037.14226169713i
18-Jun-00,378.73,527.70,834.41,1041.56,378.73418195028+527.698134494351i,378.73418195028+834.412504580202i,378.73418195028+1041.55930573825i
19-Jun-00,379.75,524.79,835.24,1043.84,379.747733021195+524.785342053145i,379.747733021195+835.238388554034i,379.747733021195+1043.84363253176i
20-Jun-00,382.59,529.56,828.29,1049.84,382.592850897636+529.557127550557i,382.592850897636+828.29477773477i,382.592850897636+1049.84401115265i
21-Jun-00,380.84,533.76,825.72,1050.72,380.837929871359+533.764178562258i,380.837929871359+825.719154291004i,380.837929871359+1050.72107526318i
22-Jun-00,383.41,538.86,821.62,1051.99,383.408146056416+538.863152377311i,383.408146056416+821.624925970961i,383.408146056416+1051.99201106518i
23-Jun-00,381.71,539.90,830.22,1046.31,381.710896366386+539.903975382911i,381.710896366386+830.216830739632i,381.710896366386+1046.3121269285i
24-Jun-00,378.89,535.42,831.74,1049.38,378.887610298191+535.419476981111i,378.887610298191+831.743862256735i,378.887610298191+1049.3782415589i
25-Jun-00,377.24,530.54,837.58,1059.15,377.237271655629+530.538658520989i,377.237271655629+837.578668941907i,377.237271655629+1059.14950277492i
26-Jun-00,378.05,525.74,835.02,1063.61,378.05021378646+525.736938001848i,378.05021378646+835.018622620036i,378.05021378646+1063.60908583371i
27-Jun-00,375.60,521.06,837.46,1067.43,375.599762510538+521.056048484558i,375.599762510538+837.46441828257i,375.599762510538+1067.43380138382i
28-Jun-00,374.54,518.63,835.30,1060.00,374.540346278875+518.631478230662i,374.540346278875+835.30194694488i,374.540346278875+1060.0040229703i
29-Jun-00,377.39,522.33,838.60,1069.65,377.389072816278+522.330445286593i,377.389072816278+838.601525390947i,377.389072816278+1069.65354023988i
30-Jun-00,379.10,523.16,831.85,1062.61,379.099177880542+523.155610588396i,379.099177880542+831.854612764564i,379.099177880542+1062.60806662326i
01-Jul-00,379.43,520.60,838.80,1055.75,379.431453330273+520.602953188212i,379.431453330273+838.804077460238i,379.431453330273+1055.74625125554i
02-Jul-00,379.63,517.49,840.17,1062.14,379.631620114061+517.492240318897i,379.631620114061+840.172639757706i,379.631620114061+1062.14088862465i
03-Jul-00,377.30,517.94,845.78,1058.99,377.303478962031+517.937615437667i,377.303478962031+845.77874697246i,377.303478962031+1058.99163950983i
04-Jul-00,377.06,514.78,854.12,1067.80,377.055503310004+514.781018993426i,377.055503310004+854.121455228381i,377.055503310004+1067.79862916877i
05-Jul-00,378.78,519.62,856.52,1077.18,378.778063146437+519.621513950251i,378.778063146437+856.521485604169i,378.778063146437+1077.17810932172i
06-Jul-00,380.56,514.68,863.12,1088.01,380.559080266542+514.680168258255i,380.559080266542+863.117657219359i,380.559080266542+1088.01022818581i
07-Jul-00,381.10,514.92,862.49,1092.61,381.095965786812+514.91970421382i,381.095965786812+862.48725986517i,381.095965786812+1092.61477875398i
08-Jul-00,383.09,520.35,857.14,1087.99,383.090553566871+520.353836129702i,383.090553566871+857.136251450504i,383.090553566871+1087.98597808306i
09-Jul-00,384.38,522.51,854.51,1084.63,384.376723095714+522.514482551857i,384.376723095714+854.508006635279i,384.376723095714+1084.63145118872i
10-Jul-00,385.21,526.80,862.71,1092.64,385.214684160864+526.801106140954i,385.214684160864+862.709871488327i,385.214684160864+1092.63905504289i
11-Jul-00,382.65,526.72,858.45,1101.01,382.653849511457+526.716676760911i,382.653849511457+858.448165692002i,382.653849511457+1101.00781612376i
12-Jul-00,382.90,523.88,856.52,1097.11,382.897866996651+523.87796762559i,382.897866996651+856.516000197653i,382.897866996651+1097.10935669507i
13-Jul-00,383.75,522.08,864.52,1107.71,383.749327286068+522.075915664537i,383.749327286068+864.522383326269i,383.749327286068+1107.71414201086i
14-Jul-00,386.45,517.36,860.42,1112.73,386.4538143114+517.359960715887i,386.4538143114+860.423158887749i,386.4538143114+1112.73151328986i
15-Jul-00,384.38,521.71,852.53,1122.59,384.375613200681+521.705269040226i,384.375613200681+852.525419206638i,384.375613200681+1122.58777037677i
16-Jul-00,388.16,520.93,853.53,1122.21,388.157645456795+520.926815352821i,388.157645456795+853.530257907781i,388.157645456795+1122.20865477074i
17-Jul-00,387.62,517.40,850.98,1112.50,387.61955759845+517.403222429803i,387.61955759845+850.982775227262i,387.61955759845+1112.49811596694i
18-Jul-00,389.12,517.22,850.19,1105.91,389.1220923086+517.215971062068i,389.1220923086+850.193120820006i,389.1220923086+1105.91242523766i
19-Jul-00,390.45,516.29,857.31,1105.36,390.446042281217+516.288538023035i,390.446042281217+857.312234928399i,390.446042281217+1105.3562742068i
20-Jul-00,390.37,517.38,862.70,1098.73,390.372713845681+517.382437145757i,390.372713845681+862.701126227025i,390.372713845681+1098.72692587588i
21-Jul-00,388.13,515.87,855.68,1105.17,388.125296775807+515.874099767539i,388.125296775807+855.68180871835i,388.125296775807+1105.17468070537i
22-Jul-00,387.86,517.95,862.49,1102.78,387.864803818198+517.949353480119i,387.864803818198+862.492417713379i,387.864803818198+1102.78243734555i
23-Jul-00,389.33,514.43,864.17,1101.79,389.329527751597+514.427981185669i,389.329527751597+864.168785731449i,389.329527751597+1101.79117363012i
24-Jul-00,391.72,510.99,859.52,1102.53,391.718721276766+510.985895849166i,391.718721276766+859.521621421598i,391.718721276766+1102.53400344954i
25-Jul-00,392.62,507.25,855.79,1100.80,392.61746837217+507.247301576169i,392.61746837217+855.793850451859i,392.61746837217+1100.80270701904i
26-Jul-00,393.77,502.60,860.83,1099.07,393.768519587704+502.60492634989i,393.768519587704+860.829845963446i,393.768519587704+1099.0713897365i
27-Jul-00,396.80,504.80,856.05,1095.10,396.800038949792+504.799093577312i,396.800038949792+856.049361629205i,396.800038949792+1095.09812077527i
28-Jul-00,395.03,507.83,852.74,1095.45,395.025134254173+507.830491629664i,395.025134254173+852.742087751482i,395.025134254173+1095.44782377701i
29-Jul-00,394.32,508.76,846.10,1090.70,394.318558811474+508.763637502388i,394.318558811474+846.09749449982i,394.318558811474+1090.70388019189i
30-Jul-00,391.75,511.00,854.02,1096.98,391.750350695762+511.002203061979i,391.750350695762+854.022622612695i,391.750350695762+1096.98226534624i
31-Jul-00,389.29,516.52,854.68,1102.79,389.286635513789+516.517261871323i,389.286635513789+854.677212339702i,389.286635513789+1102.78785708092i
01-Aug-00,386.35,520.22,853.31,1110.58,386.34790008757+520.219415181017i,386.34790008757+853.310041651714i,386.34790008757+1110.58466049191i
02-Aug-00,387.76,520.55,858.06,1120.80,387.75774689623+520.552622914022i,387.75774689623+858.057990616268i,387.75774689623+1120.80491375159i
03-Aug-00,390.38,519.71,866.79,1123.46,390.384949090204+519.713223592831i,390.384949090204+866.789026244118i,390.384949090204+1123.46175432716i
04-Aug-00,393.72,520.38,871.62,1113.24,393.722712043328+520.380336700629i,393.722712043328+871.622440534631i,393.722712043328+1113.23688290535i
05-Aug-00,393.33,518.54,880.52,1121.02,393.329395157251+518.537250918587i,393.329395157251+880.524495053068i,393.329395157251+1121.02239177275i
06-Aug-00,396.03,514.82,877.43,1121.02,396.02845816262+514.816140514924i,396.02845816262+877.42665127563i,396.02845816262+1121.01656741798i
07-Aug-00,399.96,518.23,881.50,1123.23,399.957087171981+518.229119778633i,399.957087171981+881.503882335821i,399.957087171981+1123.22966459914i
08-Aug-00,402.15,523.23,886.19,1121.83,402.152595965997+523.227641387536i,402.152595965997+886.187348818996i,402.152595965997+1121.82525882051i
09-Aug-00,398.16,526.04,894.10,1113.41,398.164704596153+526.04237596817i,398.164704596153+894.096690231867i,398.164704596153+1113.41265039921i
10-Aug-00,396.56,523.09,899.66,1113.96,396.563113307136+523.087288524827i,396.563113307136+899.65850337342i,396.563113307136+1113.95564863827i
11-Aug-00,397.50,525.16,904.52,1109.62,397.502184501712+525.161934965127i,397.502184501712+904.520122407042i,397.502184501712+1109.61640733204i
12-Aug-00,396.81,528.52,910.98,1117.14,396.812462007692+528.523330704801i,396.812462007692+910.982040275884i,396.812462007692+1117.14352599305i
13-Aug-00,395.72,526.67,905.81,1112.79,395.722894553602+526.665783309248i,395.722894553602+905.808615996956i,395.722894553602+1112.7935699406i
14-Aug-00,397.42,527.25,901.09,1107.06,397.422087632418+527.251115282343i,397.422087632418+901.089159305157i,397.422087632418+1107.05892393728i
15-Aug-00,397.78,525.71,901.75,1114.15,397.77848584728+525.709765352036i,397.77848584728+901.74740516097i,397.77848584728+1114.15255197448i
16-Aug-00,396.39,522.68,905.35,1110.86,396.390879767774+522.678992503277i,396.390879767774+905.354371470588i,396.390879767774+1110.86425447957i
17-Aug-00,398.10,519.23,905.69,1101.90,398.100474736111+519.227638191172i,398.100474736111+905.691198199811i,398.100474736111+1101.90160009721i
18-Aug-00,396.35,523.91,914.33,1111.81,396.354135141146+523.908792041439i,396.354135141146+914.332432652648i,396.354135141146+1111.81153385749i
19-Aug-00,399.42,526.16,913.65,1118.77,399.423264205108+526.160837602257i,399.423264205108+913.645070288548i,399.423264205108+1118.7673712072i
20-Aug-00,401.06,530.48,907.96,1125.33,401.064941226423+530.483154449194i,401.064941226423+907.960395665537i,401.064941226423+1125.32684892488i
21-Aug-00,400.58,528.08,910.93,1122.79,400.583708491485+528.081111755661i,400.583708491485+910.934284977424i,400.583708491485+1122.79281795811i
22-Aug-00,403.89,526.35,903.79,1132.49,403.89484338689+526.349005560897i,403.89484338689+903.793194284016i,403.89484338689+1132.49202609478i
23-Aug-00,402.17,531.59,910.32,1141.65,402.168921853274+531.588892537326i,402.168921853274+910.319862535498i,402.168921853274+1141.6492365194i
24-Aug-00,401.74,531.60,907.14,1136.30,401.74112797604+531.597998111549i,401.74112797604+907.142434307137i,401.74112797604+1136.29871877815i
25-Aug-00,403.47,532.85,909.79,1132.49,403.471458301766+532.853992335896i,403.471458301766+909.788197974875i,403.471458301766+1132.4868784878i
26-Aug-00,407.32,534.22,906.35,1123.41,407.319119887861+534.219640534729i,407.319119887861+906.354491786871i,407.319119887861+1123.40812307046i
27-Aug-00,410.01,533.64,915.93,1126.31,410.010818142904+533.644830013985i,410.010818142904+915.929701988476i,410.010818142904+1126.30998949189i
28-Aug-00,406.85,532.94,924.63,1133.93,406.848548327962+532.938761679453i,406.848548327962+924.63390581977i,406.848548327962+1133.93081565267i
29-Aug-00,405.66,537.57,928.66,1142.02,405.662777715716+537.567384838127i,405.662777715716+928.663048320019i,405.662777715716+1142.01989493008i
30-Aug-00,405.56,535.08,936.34,1140.30,405.559963756919+535.079775767072i,405.559963756919+936.34071350578i,405.559963756919+1140.30458239779i
31-Aug-00,403.80,533.98,934.42,1141.92,403.797966040402+533.982822099766i,403.797966040402+934.420216950243i,403.797966040402+1141.92385077298i
01-Sep-00,401.48,539.84,938.36,1151.90,401.480730028802+539.838889075783i,401.480730028802+938.356483510788i,401.480730028802+1151.89556824854i
02-Sep-00,398.98,538.02,932.55,1161.94,398.979359366477+538.024658538309i,398.979359366477+932.551542994047i,398.979359366477+1161.94313962168i
03-Sep-00,399.65,542.94,938.14,1162.60,399.645998919358+542.935070277134i,399.645998919358+938.142305989807i,399.645998919358+1162.60354359828i
04-Sep-00,403.33,546.03,934.96,1169.90,403.331500985461+546.03024635485i,403.331500985461+934.962507538044i,403.331500985461+1169.90368701364i
05-Sep-00,403.47,548.01,940.46,1179.65,403.472543516901+548.012392833037i,403.472543516901+940.461087419467i,403.472543516901+1179.65436669393i
06-Sep-00,402.15,548.23,934.80,1173.07,402.14500232819+548.228113745112i,402.14500232819+934.80151833812i,402.14500232819+1173.07123596019i
07-Sep-00,406.55,554.03,926.64,1166.43,406.550311650787+554.033646023959i,406.550311650787+926.636577572899i,406.550311650787+1166.43489355811i
08-Sep-00,407.47,550.69,924.22,1171.19,407.468530909158+550.685161243912i,407.468530909158+924.223737756927i,407.468530909158+1171.19281610916i
09-Sep-00,411.11,546.22,926.18,1178.86,411.106494812912+546.217635619955i,411.106494812912+926.17992597644i,411.106494812912+1178.86181898111i
10-Sep-00,414.04,544.13,930.74,1168.00,414.041957194988+544.130870932546i,414.041957194988+930.744642378333i,414.041957194988+1168.0026391931i
11-Sep-00,414.91,547.62,934.97,1174.12,414.906988676882+547.620139839464i,414.906988676882+934.967443479281i,414.906988676882+1174.11747613789i
12-Sep-00,416.95,547.72,929.59,1175.65,416.948907947702+547.718857325237i,416.948907947702+929.587625887274i,416.948907947702+1175.64974937215i
13-Sep-00,417.83,545.62,933.26,1185.56,417.828926056437+545.61539011936i,417.828926056437+933.264463078533i,417.828926056437+1185.55745074429i
14-Sep-00,418.46,548.59,931.07,1195.95,418.457965394066+548.594401899604i,418.457965394066+931.073577288674i,418.457965394066+1195.9505791076i
15-Sep-00,423.10,543.95,931.40,1194.55,423.095988010957+543.948984665809i,423.095988010957+931.39979984147i,423.095988010957+1194.55060315216i
16-Sep-00,421.43,548.21,938.31,1187.77,421.427482207454+548.213876043397i,421.427482207454+938.313240040713i,421.427482207454+1187.76539868974i
17-Sep-00,422.06,550.68,945.57,1192.81,422.058128651747+550.684463829815i,422.058128651747+945.568905101886i,422.058128651747+1192.81268483871i
18-Sep-00,424.86,552.25,939.20,1194.22,424.855462554985+552.254892804019i,424.855462554985+939.204729151516i,424.855462554985+1194.22076610456i
19-Sep-00,424.99,548.80,937.18,1199.25,424.986736633254+548.795969572081i,424.986736633254+937.184312775085i,424.986736633254+1199.24765232182i
20-Sep-00,426.94,551.25,936.62,1201.41,426.938009521989+551.250039247182i,426.938009521989+936.62336259113i,426.938009521989+1201.40876523104i
21-Sep-00,427.49,548.59,936.97,1202.65,427.493301792653+548.593394708389i,427.493301792653+936.971113848136i,427.493301792653+1202.64892495864i
22-Sep-00,431.78,548.19,943.19,1214.77,431.781724986505+548.187189603561i,431.781724986505+943.191811414074i,431.781724986505+1214.76976601104i
23-Sep-00,432.96,551.09,940.18,1203.01,432.962554059194+551.089791021043i,432.962554059194+940.175432421759i,432.962554059194+1203.01054480538i
24-Sep-00,432.44,556.80,940.45,1195.63,432.44017957524+556.803014744604i,432.44017957524+940.450071993755i,432.44017957524+1195.62991668969i
25-Sep-00,436.89,558.19,940.02,1190.90,436.890534142252+558.185285800696i,436.890534142252+940.018055065583i,436.890534142252+1190.89763399781i
26-Sep-00,436.95,553.92,948.35,1195.18,436.946356061513+553.920262271439i,436.946356061513+948.349546836887i,436.946356061513+1195.17975359947i
27-Sep-00,437.99,556.12,956.09,1192.98,437.99289294882+556.118710802145i,437.99289294882+956.094457212046i,437.99289294882+1192.976242182i
28-Sep-00,435.90,551.57,963.10,1203.90,435.896977914747+551.572366197294i,435.896977914747+963.102594004571i,435.896977914747+1203.89529873082i
29-Sep-00,435.30,556.51,960.14,1192.76,435.295499499005+556.508072948245i,435.295499499005+960.14322237544i,435.295499499005+1192.7611928883i
30-Sep-00,438.40,552.73,957.84,1201.97,438.404187773982+552.726480018597i,438.404187773982+957.836139249425i,438.404187773982+1201.96965328519i
01-Oct-00,438.76,556.77,952.88,1203.87,438.760683031862+556.77047396949i,438.760683031862+952.883461489458i,438.760683031862+1203.87240462434i
02-Oct-00,436.32,553.93,960.25,1198.13,436.315087523794+553.933352521825i,436.315087523794+960.247925609685i,436.315087523794+1198.13470040501i
03-Oct-00,432.83,559.17,962.48,1208.46,432.826829613224+559.17438743544i,432.826829613224+962.478548349444i,432.826829613224+1208.45807381236i
04-Oct-00,433.76,563.40,959.03,1208.23,433.756238834394+563.399885770144i,433.756238834394+959.028028672884i,433.756238834394+1208.22930012461i
05-Oct-00,436.67,559.45,960.49,1198.46,436.671594894352+559.448809109337i,436.671594894352+960.494095511717i,436.671594894352+1198.45999023724i
06-Oct-00,433.07,562.47,969.59,1191.75,433.066401051299+562.469679166706i,433.066401051299+969.585788464091i,433.066401051299+1191.75361581809i
07-Oct-00,434.56,567.13,973.08,1189.66,434.555494004473+567.127463124592i,434.555494004473+973.083654178621i,434.555494004473+1189.66133244443i
08-Oct-00,432.23,564.79,967.73,1196.02,432.227796923187+564.789203058617i,432.227796923187+967.732125301531i,432.227796923187+1196.02082906273i
09-Oct-00,436.89,569.43,973.83,1195.88,436.894731172264+569.428467151443i,436.894731172264+973.829314754396i,436.894731172264+1195.88457341467i
10-Oct-00,434.14,567.88,965.56,1207.57,434.138370282457+567.884891613541i,434.138370282457+965.55799736735i,434.138370282457+1207.56995710615i
11-Oct-00,436.00,572.37,959.52,1199.26,435.995948100619+572.372597544091i,435.995948100619+959.523885830605i,435.995948100619+1199.25911869071i
12-Oct-00,433.20,577.41,958.19,1204.14,433.196832228803+577.414081886596i,433.196832228803+958.193389270207i,433.196832228803+1204.14239705576i
13-Oct-00,434.83,574.47,951.63,1208.02,434.832489721625+574.471535044322i,434.832489721625+951.62501967908i,434.832489721625+1208.02195754253i
14-Oct-00,438.43,572.90,957.19,1207.66,438.431811459207+572.897624899936i,438.431811459207+957.186613641675i,438.431811459207+1207.66347193364i
15-Oct-00,437.82,576.42,964.92,1207.50,437.817184280944+576.423247185175i,437.817184280944+964.922021214301i,437.817184280944+1207.50029397981i
16-Oct-00,440.53,573.53,964.49,1217.72,440.531524023289+573.527373110397i,440.531524023289+964.493426578851i,440.531524023289+1217.72339245116i
17-Oct-00,438.31,575.05,973.79,1206.00,438.308270712505+575.048970925775i,438.308270712505+973.792699323112i,438.308270712505+1206.00026161565i
18-Oct-00,435.15,572.70,967.48,1203.00,435.151228086208+572.700727731594i,435.151228086208+967.481989139607i,435.151228086208+1202.9958764395i
19-Oct-00,438.70,573.10,971.75,1207.83,438.700574242057+573.096651843346i,438.700574242057+971.750164181578i,438.700574242057+1207.83401110457i
20-Oct-00,439.80,577.60,975.14,1211.92,439.796997037619+577.601381421812i,439.796997037619+975.135427150749i,439.796997037619+1211.91698635877i
21-Oct-00,440.53,578.22,966.89,1207.89,440.5334889696+578.220414375901i,440.5334889696+966.892162505343i,440.5334889696+1207.89073625628i
22-Oct-00,438.56,575.56,965.66,1212.06,438.556887384273+575.559695880042i,438.556887384273+965.660291741079i,438.556887384273+1212.06109537105i
23-Oct-00,443.02,575.13,969.18,1202.51,443.023040695015+575.133576499042i,443.023040695015+969.184535598137i,443.023040695015+1202.51086347295i
24-Oct-00,444.87,578.94,962.97,1192.35,444.874048231456+578.935958609675i,444.874048231456+962.973467207333i,444.874048231456+1192.34504407951i
25-Oct-00,441.05,581.08,955.57,1198.29,441.049463404796+581.077778860839i,441.049463404796+955.573315748789i,441.049463404796+1198.28665489612i
26-Oct-00,438.13,577.93,957.09,1200.29,438.12720369542+577.925752297469i,438.12720369542+957.089206283568i,438.12720369542+1200.28548547855i
27-Oct-00,440.09,575.80,961.08,1190.61,440.086291938508+575.797387594959i,440.086291938508+961.075351980394i,440.086291938508+1190.60541588685i
28-Oct-00,436.32,580.14,962.91,1191.78,436.322417564179+580.13974591234i,436.322417564179+962.906543868594i,436.322417564179+1191.77660158487i
29-Oct-00,436.73,580.15,959.11,1192.26,436.7293587798+580.150406357698i,436.7293587798+959.113935772153i,436.7293587798+1192.25602604136i
30-Oct-00,439.73,577.10,952.30,1182.55,439.729852958469+577.103690020462i,439.729852958469+952.299288922607i,439.729852958469+1182.54981130278i
31-Oct-00,442.13,578.19,946.66,1187.57,442.129631253114+578.186189388984i,442.129631253114+946.657144602826i,442.129631253114+1187.56586297286i
01-Nov-00,445.02,575.87,938.68,1192.22,445.022987132334+575.872834687359i,445.022987132334+938.679556620767i,445.022987132334+1192.22141785239i
02-Nov-00,443.38,574.82,938.50,1193.79,443.384727753381+574.823072074394i,443.384727753381+938.499960830554i,443.384727753381+1193.78957183271i
03-Nov-00,448.21,574.21,933.95,1188.91,448.210110800211+574.214044904289i,448.210110800211+933.950842295303i,448.210110800211+1188.9142895669i
04-Nov-00,452.80,573.03,942.09,1197.76,452.80191569587+573.02610084167i,452.80191569587+942.085245911726i,452.80191569587+1197.76225013902i
05-Nov-00,455.98,575.99,951.02,1194.98,455.983899979086+575.988318772478i,455.983899979086+951.02194771345i,455.983899979086+1194.98438790238i
06-Nov-00,457.31,581.54,949.20,1205.83,457.306100513252+581.544671458415i,457.306100513252+949.204706972116i,457.306100513252+1205.83458783078i
07-Nov-00,459.51,579.49,947.34,1211.58,459.50951101245+579.486277336399i,459.50951101245+947.336504577174i,459.50951101245+1211.58342221755i
08-Nov-00,457.13,585.07,946.43,1208.92,457.132700270863+585.071002500282i,457.132700270863+946.425136786923i,457.132700270863+1208.91565916254i
09-Nov-00,454.56,583.73,950.22,1200.21,454.562959706096+583.728038696211i,454.562959706096+950.219469365614i,454.562959706096+1200.21143213868i
10-Nov-00,453.50,588.08,943.44,1190.14,453.495760749656+588.084947022992i,453.495760749656+943.444967107254i,453.495760749656+1190.14450084102i
11-Nov-00,451.08,590.14,937.27,1201.63,451.075472881318+590.137292163015i,451.075472881318+937.268411187371i,451.075472881318+1201.63031622406i
12-Nov-00,450.22,591.84,943.94,1201.09,450.222714325083+591.839465864542i,450.222714325083+943.942548821119i,450.222714325083+1201.09244954953i
13-Nov-00,447.49,592.43,940.17,1204.75,447.491443442916+592.430541407773i,447.491443442916+940.170902857098i,447.491443442916+1204.75072394578i
14-Nov-00,445.92,597.85,935.05,1205.10,445.924318692489+597.851974282668i,445.924318692489+935.049628908754i,445.924318692489+1205.10166401219i
15-Nov-00,443.12,598.39,935.67,1209.60,443.116461066374+598.386488442473i,443.116461066374+935.66787821891i,443.116461066374+1209.60176172865i
16-Nov-00,439.53,602.69,941.25,1218.53,439.531686292246+602.687959253921i,439.531686292246+941.246387909856i,439.531686292246+1218.52697102778i
17-Nov-00,440.72,604.75,934.06,1215.28,440.72412675527+604.754725764517i,440.72412675527+934.063348313898i,440.72412675527+1215.28246004665i
18-Nov-00,442.03,606.63,925.87,1227.67,442.03490476539+606.625645865891i,442.03490476539+925.865482764994i,442.03490476539+1227.67091148473i
19-Nov-00,442.31,604.81,919.84,1232.34,442.307624151449+604.812050005943i,442.307624151449+919.841351265136i,442.307624151449+1232.33661620674i
20-Nov-00,439.14,610.25,926.47,1242.28,439.140207210098+610.247296855213i,439.140207210098+926.467661920851i,439.140207210098+1242.27981706843i
21-Nov-00,441.93,614.67,926.77,1244.50,441.928853684289+614.673288277737i,441.928853684289+926.774540563155i,441.928853684289+1244.49548643497i
22-Nov-00,444.26,616.15,927.82,1235.67,444.26073651241+616.153664780309i,444.26073651241+927.818342543774i,444.26073651241+1235.66865233484i
23-Nov-00,448.60,613.63,920.58,1245.28,448.602533881848+613.631969962827i,448.602533881848+920.582889891568i,448.602533881848+1245.27766019712i
24-Nov-00,446.29,609.08,929.40,1254.29,446.293710759621+609.084170999725i,446.293710759621+929.397342950968i,446.293710759621+1254.2922780142i
25-Nov-00,447.77,608.33,922.98,1259.64,447.765890605952+608.333368823233i,447.765890605952+922.982328880781i,447.765890605952+1259.64413128043i
26-Nov-00,452.63,607.75,916.84,1261.68,452.626332093444+607.747508704808i,452.626332093444+916.841607274895i,452.626332093444+1261.67673969695i
27-Nov-00,452.47,604.57,924.51,1272.09,452.468751184276+604.571427773691i,452.468751184276+924.512990404394i,452.468751184276+1272.08735629816i
28-Nov-00,449.07,605.66,921.69,1275.85,449.06517678404+605.658191502015i,449.06517678404+921.693257635314i,449.06517678404+1275.84601605254i
29-Nov-00,446.62,608.57,929.94,1281.03,446.623210504517+608.566939777979i,446.623210504517+929.938837549506i,446.623210504517+1281.02752166525i
30-Nov-00,449.56,614.72,935.79,1275.97,449.564946639841+614.724505057606i,449.564946639841+935.793345624237i,449.564946639841+1275.9688811887i
01-Dec-00,446.44,609.65,931.62,1275.97,446.44061741679+609.64635354952i,446.44061741679+931.618731740964i,446.44061741679+1275.96991064158i
02-Dec-00,450.98,609.24,923.81,1278.13,450.979775036054+609.237475408601i,450.979775036054+923.814393013478i,450.979775036054+1278.13342059103i
03-Dec-00,449.49,614.47,923.41,1287.93,449.490670962582+614.471300022435i,449.490670962582+923.411050130433i,449.490670962582+1287.93371317053i
04-Dec-00,446.42,610.86,921.78,1295.75,446.424935695842+610.855598376402i,446.424935695842+921.778678469991i,446.424935695842+1295.74766543751i
05-Dec-00,449.40,605.92,916.98,1289.23,449.399246389864+605.920287533767i,449.399246389864+916.978568503719i,449.399246389864+1289.22897953409i
06-Dec-00,450.72,601.64,923.41,1294.71,450.720322526619+601.643705460843i,450.720322526619+923.41150438736i,450.720322526619+1294.71368310951i
07-Dec-00,453.17,603.40,931.87,1296.76,453.16816876942+603.397348656295i,453.16816876942+931.870929080666i,453.16816876942+1296.76496679761i
08-Dec-00,450.50,602.03,931.92,1293.04,450.503275369085+602.026313619024i,450.503275369085+931.923282530399i,450.503275369085+1293.03888022151i
09-Dec-00,455.04,605.47,923.55,1298.05,455.037570910131+605.471355777966i,455.037570910131+923.54804620146i,455.037570910131+1298.05211515942i
10-Dec-00,458.32,610.59,920.95,1307.63,458.322999980539+610.59465301018i,458.322999980539+920.954117729659i,458.322999980539+1307.62515899663i
11-Dec-00,459.58,606.83,925.27,1308.15,459.57944259791+606.829657427865i,459.57944259791+925.272410915251i,459.57944259791+1308.15278908814i
12-Dec-00,461.37,604.21,933.84,1297.84,461.369441286233+604.20992552454i,461.369441286233+933.842203594939i,461.369441286233+1297.83868062762i
13-Dec-00,457.93,606.10,930.44,1289.31,457.928004592301+606.103450054322i,457.928004592301+930.44446395241i,457.928004592301+1289.31174620648i
14-Dec-00,454.45,603.70,937.94,1278.51,454.451978088529+603.698385860055i,454.451978088529+937.93958552847i,454.451978088529+1278.50922678835i
15-Dec-00,453.16,610.24,946.87,1280.95,453.158555731147+610.243254024138i,453.158555731147+946.869246154912i,453.158555731147+1280.94797879003i
16-Dec-00,456.26,604.92,954.46,1282.18,456.25802883046+604.919332151701i,456.25802883046+954.457710423777i,456.25802883046+1282.18030944999i
17-Dec-00,459.81,609.78,960.06,1277.83,459.813509800847+609.781015201684i,459.813509800847+960.062046590907i,459.813509800847+1277.82827841993i
18-Dec-00,462.95,615.60,966.31,1287.63,462.945407157091+615.599282648295i,462.945407157091+966.310895021111i,462.945407157091+1287.62505468205i
19-Dec-00,460.27,610.09,967.36,1287.68,460.265169827097+610.090033451282i,460.265169827097+967.359682307593i,460.265169827097+1287.6778929773i
20-Dec-00,459.74,610.17,959.47,1297.53,459.742055999693+610.171594978129i,459.742055999693+959.470223417001i,459.742055999693+1297.53398027096i
21-Dec-00,456.66,615.59,957.24,1291.39,456.657079086578+615.588161289301i,456.657079086578+957.239929996766i,456.657079086578+1291.39460611761i
22-Dec-00,456.44,615.31,950.52,1292.32,456.443090825989+615.308427702977i,456.443090825989+950.516194183313i,456.443090825989+1292.32143718617i
23-Dec-00,455.98,613.61,944.23,1304.12,455.975652308224+613.608597813342i,455.975652308224+944.231054266579i,455.975652308224+1304.11959063429i
24-Dec-00,458.55,617.89,938.79,1310.63,458.54800708485+617.887340520407i,458.54800708485+938.787132921291i,458.54800708485+1310.6348553741i
25-Dec-00,462.98,620.00,939.60,1307.89,462.980846787842+619.999749560107i,462.980846787842+939.595098412515i,462.980846787842+1307.88874540376i
26-Dec-00,466.34,614.64,935.29,1316.47,466.335345948061+614.638842613965i,466.335345948061+935.293866448049i,466.335345948061+1316.46922311707i
27-Dec-00,464.66,616.61,940.92,1318.01,464.661790199331+616.613499529153i,464.661790199331+940.915975743744i,464.661790199331+1318.00888231893i
28-Dec-00,461.92,620.19,937.56,1310.72,461.917390253065+620.190606348354i,461.917390253065+937.558204675171i,461.917390253065+1310.72154251489i
29-Dec-00,460.02,619.85,941.81,1306.13,460.023651152512+619.852787929518i,460.023651152512+941.805808984614i,460.023651152512+1306.12564874953i
30-Dec-00,457.18,616.81,944.19,1315.85,457.181809240489+616.814113699185i,457.181809240489+944.190178814508i,457.181809240489+1315.84626777321i
31-Dec-00,456.34,622.99,946.74,1322.46,456.342091859581+622.987942001095i,456.342091859581+946.744738572434i,456.342091859581+1322.46139563474i
